Round,Date,Team 1,FT,HT,Team 2,∑FT,ET,P
Prelim. Round | Leg 1,(Wed) 31 Aug 1966 (W35),Waterford AFC › IRL (1),1-6,0-0,ASK Vorwarts Berlin › GER (1),,,
Round 1 | Leg 1,(Wed) 7 Sep 1966 (W36),Admira Wien › AUT (1),0-1,0-0,Vojvodina › SRB (1),,,
Round 1 | Leg 1,(Wed) 7 Sep 1966 (W36),Aris Bonnevoie › LUX (1),3-3,1-2,Linfield › NIR (1),,,
Prelim. Round | Leg 2,(Wed) 7 Sep 1966 (W36),ASK Vorwarts Berlin › GER (2),6-0,0-0,Waterford AFC › IRL (2),12-1 (agg.),,
Prelim. Round | Leg 1,(Wed) 7 Sep 1966 (W36),Sliema Wanderers › MLT (1),1-2,0-0,CSKA Sofia › BUL (1),,,
Round 1 | Leg 1,(Wed) 7 Sep 1966 (W36),KR Reykjavik › ISL (1),2-3,1-2,FC Nantes › FRA (1),,,
Round 1 | Leg 2,(Wed) 14 Sep 1966 (W37),Linfield › NIR (2),6-1,3-0,Aris Bonnevoie › LUX (2),9-4 (agg.),,
Prelim. Round | Leg 2,(Wed) 14 Sep 1966 (W37),CSKA Sofia › BUL (2),6-0,0-0,Sliema Wanderers › MLT (2),8-1 (agg.),,
Round 1 | Leg 1,(Wed) 14 Sep 1966 (W37),Haka Valkeakoski › FIN (1),1-10,1-7,RSC Anderlecht › BEL (1),,,
Round 1 | Leg 2,(Tue) 20 Sep 1966 (W38),Vojvodina › SRB (2),0-0,0-0,Admira Wien › AUT (2),1-0 (agg.),,
Round 1 | Leg 1,(Tue) 20 Sep 1966 (W38),TSV 1860 Munchen › GER (1),8-0,5-0,Omonia Nicosia › CYP (1),,,
Round 1 | Leg 2,(Sun) 25 Sep 1966 (W38),Omonia Nicosia › CYP (2),1-2,0-1,TSV 1860 Munchen › GER (2),1-10 (agg.),,
Round 1 | Leg 1,(Wed) 28 Sep 1966 (W39),Gornik Zabrze › POL (1),2-1,1-0,ASK Vorwarts Berlin › GER (3),,,
Round 1 | Leg 1,(Wed) 28 Sep 1966 (W39),Liverpool FC › ENG (1),2-0,0-0,Petrolul Ploiesti › ROU (1),,,
Round 1 | Leg 1,(Wed) 28 Sep 1966 (W39),AFC Ajax › NED (1),2-0,1-0,Beşiktaş İstanbul JK › TUR (1),,,
Round 1 | Leg 1,(Wed) 28 Sep 1966 (W39),Malmo FF › SWE (1),0-2,0-2,Atletico Madrid › ESP (1),,,
Round 1 | Leg 1,(Wed) 28 Sep 1966 (W39),Celtic FC › SCO (1),2-0,0-0,FC Zurich › SUI (1),,,
Round 1 | Leg 1,(Wed) 28 Sep 1966 (W39),CSKA Sofia › BUL (3),3-1,0-1,Olympiacos › GRE (1),,,
Round 1 | Leg 1,(Wed) 28 Sep 1966 (W39),Esbjerg fB › DEN (1),0-2,0-0,Dukla Praha › CZE (1),,,
Round 1 | Leg 2,(Wed) 28 Sep 1966 (W39),RSC Anderlecht › BEL (2),2-0,1-0,Haka Valkeakoski › FIN (2),12-1 (agg.),,
Round 1 | Leg 1,(Wed) 28 Sep 1966 (W39),Internazionale › ITA (1),1-0,0-0,Torpedo Moskva › RUS (1),,,
Round 1 | Leg 2,(Tue) 4 Oct 1966 (W40),Dukla Praha › CZE (2),4-0,2-0,Esbjerg fB › DEN (2),6-0 (agg.),,
Round 1 | Leg 2,(Wed) 5 Oct 1966 (W40),Beşiktaş İstanbul JK › TUR (2),1-2,0-0,AFC Ajax › NED (2),1-4 (agg.),,
Round 1 | Leg 1,(Wed) 5 Oct 1966 (W40),Budapesti Vasas › HUN (1),5-0,1-0,Sporting CP › POR (1),,,
Round 1 | Leg 2,(Wed) 5 Oct 1966 (W40),FC Zurich › SUI (2),0-3,0-2,Celtic FC › SCO (2),0-5 (agg.),,
Round 1 | Leg 2,(Wed) 5 Oct 1966 (W40),Olympiacos › GRE (2),1-0,1-0,CSKA Sofia › BUL (4),2-3 (agg.),,
Round 1 | Leg 2,(Wed) 5 Oct 1966 (W40),FC Nantes › FRA (2),5-2,3-0,KR Reykjavik › ISL (2),8-4 (agg.),,
Round 1 | Leg 2,(Wed) 12 Oct 1966 (W41),ASK Vorwarts Berlin › GER (4),2-1,2-1,Gornik Zabrze › POL (2),3-3 (agg.),,
Round 1 | Leg 2,(Wed) 12 Oct 1966 (W41),Petrolul Ploiesti › ROU (2),3-1,1-0,Liverpool FC › ENG (2),3-3 (agg.),,
Round 1 | Leg 2,(Wed) 12 Oct 1966 (W41),Atletico Madrid › ESP (2),3-1,1-1,Malmo FF › SWE (2),5-1 (agg.),,
Round 1 | Leg 2,(Wed) 12 Oct 1966 (W41),Sporting CP › POR (2),0-2,0-0,Budapesti Vasas › HUN (2),0-7 (agg.),,
Round 1 | Leg 2,(Wed) 12 Oct 1966 (W41),Torpedo Moskva › RUS (2),0-0,0-0,Internazionale › ITA (2),0-1 (agg.),,
Round 1 | Replay,(Wed) 19 Oct 1966 (W42),Liverpool FC › ENG (3),2-0,2-0,Petrolul Ploiesti › ROU (3),,,
Round of 16 | Leg 1,(Tue) 25 Oct 1966 (W43),Valerenga IF › NOR (1),1-4,1-4,Linfield › NIR (3),,,
Round 1 | Replay,(Wed) 26 Oct 1966 (W43),Gornik Zabrze › POL (3),3-1,2-0,ASK Vorwarts Berlin › GER (5),,,
Round of 16 | Leg 2,(Tue) 8 Nov 1966 (W45),Linfield › NIR (4),1-1,1-0,Valerenga IF › NOR (2),5-2 (agg.),,
Round of 16 | Leg 1,(Wed) 16 Nov 1966 (W46),Vojvodina › SRB (3),3-1,1-0,Atletico Madrid › ESP (3),,,
Round of 16 | Leg 1,(Wed) 16 Nov 1966 (W46),Internazionale › ITA (3),2-1,0-0,Budapesti Vasas › HUN (3),,,
Round of 16 | Leg 1,(Thu) 17 Nov 1966 (W46),Dukla Praha › CZE (3),4-1,2-1,RSC Anderlecht › BEL (3),,,
Round of 16 | Leg 1,(Thu) 17 Nov 1966 (W46),TSV 1860 Munchen › GER (3),1-0,1-0,Real Madrid CF › ESP (1),,,
Round of 16 | Leg 1,(Wed) 23 Nov 1966 (W47),CSKA Sofia › BUL (5),4-0,2-0,Gornik Zabrze › POL (4),,,
Round of 16 | Leg 1,(Wed) 30 Nov 1966 (W48),FC Nantes › FRA (3),1-3,1-1,Celtic FC › SCO (3),,,
Round of 16 | Leg 2,(Wed) 30 Nov 1966 (W48),Real Madrid CF › ESP (2),3-1,2-1,TSV 1860 Munchen › GER (4),3-2 (agg.),,
Round of 16 | Leg 1,(Wed) 7 Dec 1966 (W49),AFC Ajax › NED (3),5-1,4-0,Liverpool FC › ENG (4),,,
Round of 16 | Leg 2,(Wed) 7 Dec 1966 (W49),Celtic FC › SCO (4),3-1,1-1,FC Nantes › FRA (4),6-2 (agg.),,
Round of 16 | Leg 2,(Wed) 7 Dec 1966 (W49),Gornik Zabrze › POL (5),3-0,3-0,CSKA Sofia › BUL (6),3-4 (agg.),,
Round of 16 | Leg 2,(Wed) 7 Dec 1966 (W49),RSC Anderlecht › BEL (4),1-2,0-1,Dukla Praha › CZE (4),2-6 (agg.),,
Round of 16 | Leg 2,(Thu) 8 Dec 1966 (W49),Budapesti Vasas › HUN (4),0-2,0-1,Internazionale › ITA (4),1-4 (agg.),,
Round of 16 | Leg 2,(Wed) 14 Dec 1966 (W50),Atletico Madrid › ESP (4),2-0,2-0,Vojvodina › SRB (4),3-3 (agg.),,
Round of 16 | Leg 2,(Wed) 14 Dec 1966 (W50),Liverpool FC › ENG (5),2-2,0-0,AFC Ajax › NED (4),3-7 (agg.),,
Round of 16 | Replay,(Wed) 21 Dec 1966 (W51),Atletico Madrid › ESP (5),2-2 (*),2-1,Vojvodina › SRB (5),,2-3 (a.e.t.),
Quarterfinals | Leg 1,(Wed) 15 Feb 1967 (W7),Internazionale › ITA (5),1-0,0-0,Real Madrid CF › ESP (3),,,
Quarterfinals | Leg 1,(Wed) 1 Mar 1967 (W9),AFC Ajax › NED (5),1-1,0-0,Dukla Praha › CZE (5),,,
Quarterfinals | Leg 1,(Wed) 1 Mar 1967 (W9),Vojvodina › SRB (6),1-0,0-0,Celtic FC › SCO (5),,,
Quarterfinals | Leg 1,(Wed) 1 Mar 1967 (W9),Linfield › NIR (5),2-2,2-1,CSKA Sofia › BUL (7),,,
Quarterfinals | Leg 2,(Wed) 1 Mar 1967 (W9),Real Madrid CF › ESP (4),0-2,0-1,Internazionale › ITA (6),0-3 (agg.),,
Quarterfinals | Leg 2,(Wed) 8 Mar 1967 (W10),Dukla Praha › CZE (6),2-1,0-0,AFC Ajax › NED (6),3-2 (agg.),,
Quarterfinals | Leg 2,(Wed) 8 Mar 1967 (W10),Celtic FC › SCO (6),2-0,0-0,Vojvodina › SRB (7),2-1 (agg.),,
Quarterfinals | Leg 2,(Wed) 15 Mar 1967 (W11),CSKA Sofia › BUL (8),1-0,0-0,Linfield › NIR (6),3-2 (agg.),,
Semifinals | Leg 1,(Wed) 12 Apr 1967 (W15),Celtic FC › SCO (7),3-1,1-1,Dukla Praha › CZE (7),,,
Semifinals | Leg 1,(Wed) 19 Apr 1967 (W16),Internazionale › ITA (7),1-1,1-0,CSKA Sofia › BUL (9),,,
Semifinals | Leg 2,(Tue) 25 Apr 1967 (W17),Dukla Praha › CZE (8),0-0,0-0,Celtic FC › SCO (8),1-3 (agg.),,
Semifinals | Leg 2,(Wed) 26 Apr 1967 (W17),CSKA Sofia › BUL (10),1-1,0-0,Internazionale › ITA (8),2-2 (agg.),,
Semifinals | Replay,(Wed) 3 May 1967 (W18),Internazionale › ITA (9),1-0,1-0,CSKA Sofia › BUL (11),,,
Final,(Thu) 25 May 1967 (W21),Celtic FC › SCO (9),2-1,0-0,Internazionale › ITA (10),,,
